{
  "project_info": {
    "project_number": "363977715659",
    "project_id": "dicedate-a94ce",
    "storage_bucket": "dicedate-a94ce.firebasestorage.app"
  },
  "client": [
    {
      "client_info": {
        "mobilesdk_app_id": "1:363977715659:android:ae6fbe2c3c4e7661dad04e",
        "android_client_info": {
          "package_name": "com.example.dicedate"
        }
      },
      "oauth_client": [],
      "api_key": [
        {
          "current_key": "AIzaSyDFszf2M3r2QEs5YMywzpKu1nU-FlnSasA"
        }
      ],
      "services": {
        "appinvite_service": {
          "other_platform_oauth_client": []
        }
      }
    }
  ],
  "configuration_version": "1"
}